geo,pays,annee,nuitees_total,nuitees_etrangeres,arrivees_total,arrivees_etrangeres,part_etrangere_pct,duree_moyenne_nuits,nuitees_par_habitant,lits_touristiques,lits_pour_1000_habitants,occupation_hotels_pct,indice_prix_restaurants_hotels,evolution_nuitees_pct,population
ES,Espagne,2024,505166012,322229807,149666341,77668372,63.78691347904855,3.375281366703553,10.390151809878692,3847619,79.13704518302717,69.52,83.9,4.160628392297583,48619695
FR,France,2024,457644262,140608197,181099649,54591535,30.724343922834983,2.5270300882802927,6.664466391918963,5070615,73.84107277162839,61.4,110.0,-0.5708657412499818,68669303
IT,Italie,2024,466158045,253948443,139647943,73951291,54.47689806576223,3.3380946040859336,7.904838427144898,5498773,93.24501116900564,58.3,106.9,4.24625845189377,58971230
DE,Allemagne,2024,439619668,84792636,184687401,37419799,19.287725771177282,2.3803446559952404,5.267679147747775,3702178,44.36081292853022,60.52,112.1,1.896127224556765,83456045
PT,Portugal,2024,88073583,59657373,32335412,19326890,67.73583061790504,2.723750141176491,8.277805556270904,721293,67.79244127151395,62.46,75.5,3.754119455279459,10639726
EL,Grèce,2024,152944662,128180321,37153267,27376639,83.80829989346081,4.116587163115427,14.7405686945077,1244717,119.96388892422765,50.4,86.4,3.8956918506136917,10375764
HR,Croatie,2024,93643696,84955334,20239316,17377097,90.72189333492348,4.626821183087412,24.24766861032215,1177999,305.02565143617227,58.9,95.4,1.4105824198763495,3861967
AT,Autriche,2024,131201233,94009113,42168369,28498633,71.65261396590687,3.1113660810547357,14.325233574450662,1155145,126.12474409717483,55.0,110.0,2.6887633798405197,9158750
NL,Pays-Bas,2024,145369331,61511827,51265592,21253245,42.31417079301273,2.835612061204716,8.101755609531592,1451978,80.9219580601665,65.1,124.6,2.1767178118891284,17942942
BE,Belgique,2024,44843098,22279289,18916719,9638187,49.68276054433171,2.3705536885122624,3.7947646359139333,473144,40.03894019308974,64.01,124.2,0.3277564589809323,11817096
IE,Irlande,2024,41677951,24349960,12662374,4203374,58.42408135659068,3.2914800178860615,7.787824236907992,246615,46.081782527770244,77.0,129.3,2.5637295856029585,5351681
DK,Danemark,2024,39816638,15806432,9671192,3627423,39.69805788223506,4.117035211378287,6.679244232207043,458459,76.90653418436304,61.0,147.6,2.2352221811341,5961249
SE,Suède,2024,64116085,17163352,33613116,8432588,26.76918280334802,1.9074722200702845,6.076370865870328,846302,80.2052217712262,57.08,116.7,0.34425565033144867,10551707
CZ,Tchéquie,2024,57236084,25474111,22809595,10477528,44.50708228047188,2.5092985649241033,5.250749526056242,749646,68.7713607242934,42.5,74.1,2.4956148520003607,10900555
PL,Pologne,2024,97648143,18392029,38842400,7875518,18.835001296440424,2.5139575052005028,2.666454302002377,839376,22.920638093420244,50.8,91.7,5.2267174563430885,36620970
