geo,pays,annee,nuitees_total,indice_2019_100
BE,Belgique,2019,42512847,100.0
BE,Belgique,2020,20177486,47.46209069460815
BE,Belgique,2021,29220847,68.7341569949432
BE,Belgique,2022,43024124,101.20264116868015
BE,Belgique,2023,44696602,105.1366943267761
BE,Belgique,2024,44843098,105.48128663319113
CZ,Tchéquie,2019,57024767,100.0
CZ,Tchéquie,2020,31382494,55.03309465516974
CZ,Tchéquie,2021,31924242,55.98311694986847
CZ,Tchéquie,2022,50599312,88.7321679017119
CZ,Tchéquie,2023,55842471,97.92669735941227
CZ,Tchéquie,2024,57236084,100.37057056278722
DK,Danemark,2019,34325625,100.0
DK,Danemark,2020,23670530,68.95877351104313
DK,Danemark,2021,28556054,83.19165055261193
DK,Danemark,2022,38439848,111.98586478760402
DK,Danemark,2023,38946106,113.46073378124943
DK,Danemark,2024,39816638,115.99683326960543
DE,Allemagne,2019,436954848,100.0
DE,Allemagne,2020,260757872,59.67615949188416
DE,Allemagne,2021,266102654,60.8993481175428
DE,Allemagne,2022,400409055,91.63625414221288
DE,Allemagne,2023,431439035,98.73766980152604
DE,Allemagne,2024,439619668,100.60986163952573
IE,Irlande,2019,32580794,100.0
IE,Irlande,2020,16140254,49.539167154735395
IE,Irlande,2021,14930451,45.82592738531787
IE,Irlande,2022,34930828,107.21294269255685
IE,Irlande,2023,40636150,124.72424705180605
IE,Irlande,2024,41677951,127.92183947389373
EL,Grèce,2019,143594467,100.0
EL,Grèce,2020,38475016,26.794219027951822
EL,Grèce,2021,73886813,51.45519499717214
EL,Grèce,2022,132745904,92.44499929095457
EL,Grèce,2023,147209821,102.51775299949405
EL,Grèce,2024,152944662,106.51152874852761
ES,Espagne,2019,469813551,100.0
ES,Espagne,2020,144677028,30.794562585956573
ES,Espagne,2021,259579759,55.251654288703136
ES,Espagne,2022,451624940,96.1285469605367
ES,Espagne,2023,484987485,103.22977784861723
ES,Espagne,2024,505166012,107.52478529509251
FR,France,2019,446553868,100.0
FR,France,2020,257875315,57.747862795357086
FR,France,2021,324389046,72.64275807370232
FR,France,2022,449792261,100.7251964952188
FR,France,2023,460271796,103.07195368420815
FR,France,2024,457644262,102.48355121178795
HR,Croatie,2019,91178083,100.0
HR,Croatie,2020,40771344,44.716167151704646
HR,Croatie,2021,70171684,76.96113110866786
HR,Croatie,2022,90005383,98.71383564842003
HR,Croatie,2023,92341148,101.27559711910153
HR,Croatie,2024,93643696,102.70417288768837
IT,Italie,2019,436739271,100.0
IT,Italie,2020,208447085,47.72803794875593
IT,Italie,2021,289178142,66.21299278580332
IT,Italie,2022,412008532,94.33741349996437
IT,Italie,2023,447170049,102.38833067979363
IT,Italie,2024,466158045,106.7360038250373
NL,Pays-Bas,2019,123442571,100.0
NL,Pays-Bas,2020,85414861,69.19400682281642
NL,Pays-Bas,2021,101094277,81.89579671019652
NL,Pays-Bas,2022,132638265,107.44937012045868
NL,Pays-Bas,2023,142272461,115.253967774213
NL,Pays-Bas,2024,145369331,117.76272141966324
AT,Autriche,2019,127890554,100.0
AT,Autriche,2020,79133399,61.87587474208611
AT,Autriche,2021,66708839,52.16088046659021
AT,Autriche,2022,115062696,89.96965952622271
AT,Autriche,2023,127765910,99.90253854088395
AT,Autriche,2024,131201233,102.5886814127023
PL,Pologne,2019,93342738,100.0
PL,Pologne,2020,51377168,55.041419504964594
PL,Pologne,2021,62837520,67.31913092157207
PL,Pologne,2022,89953799,96.36935976744115
PL,Pologne,2023,92797861,99.41626203422489
PL,Pologne,2024,97648143,104.6124691564115
PT,Portugal,2019,77594254,100.0
PT,Portugal,2020,30157800,38.86602221860397
PT,Portugal,2021,42444419,54.700466609293
PT,Portugal,2022,76947985,99.16711745176389
PT,Portugal,2023,84886830,109.39834539810126
PT,Portugal,2024,88073583,113.50528996644519
SE,Suède,2019,63175281,100.0
SE,Suède,2020,39804561,63.006543651147354
SE,Suède,2021,50044620,79.21550835682076
SE,Suède,2022,62925559,99.60471564819791
SE,Suède,2023,63896119,101.1410127324958
SE,Suède,2024,64116085,101.48919638362986
