geo,pays,part_3_mois_forts_pct,part_juin_aout_pct,mois_pic,nuitees_mois_pic
AT,Autriche,36.697085765954654,33.3914903071071,Août,17714380
BE,Belgique,36.70313768241436,35.574085447887654,Juillet,6113839
CZ,Tchéquie,37.6013530205875,37.6013530205875,Juillet,8145945
DE,Allemagne,34.25749482163751,34.21225639977509,Août,54201536
DK,Danemark,43.40804164377795,43.40804164377795,Juillet,7160548
EL,Grèce,56.714331749610196,56.714331749610196,Août,33001001
ES,Espagne,38.04605146959468,37.92424811277913,Août,73791179
FR,France,45.28408772976558,45.28408772976558,Août,90165531
HR,Croatie,69.25374880547218,69.25374880547218,Août,27171764
IE,Irlande,40.34639090935508,40.34639090935508,Août,6841969
IT,Italie,46.05624536631133,46.05624536631133,Août,84188928
NL,Pays-Bas,38.388221287755826,37.17272477101001,Août,21403241
PL,Pologne,37.270752808888545,37.270752808888545,Août,13701968
PT,Portugal,36.554241241667214,35.74094856570102,Août,12628773
SE,Suède,44.23143767801272,44.231437678012725,Juillet,12713882
