geo,positionnement,hebergement,prix,accessibilite,accueil_experience,lecture
ES,Balnéaire international et urbain,Très forte capacité littorale et offre hôtelière structurée,Inférieur à la moyenne UE pour restaurants et hôtels,Très forte desserte aérienne et nombreux vols loisirs,À documenter par une enquête comparable,L'Espagne combine longs séjours forte clientèle étrangère et saison balnéaire étendue.
FR,Culturel urbain littoral montagne et domestique,Offre très diversifiée avec poids élevé des campings et locations,Au-dessus de la moyenne UE pour restaurants et hôtels,Excellente accessibilité routière ferroviaire et aérienne,À documenter par une enquête comparable,La France reçoit beaucoup de visiteurs mais son tourisme domestique et les séjours courts pèsent fortement.
IT,Culturel urbain littoral et patrimonial,Offre diffuse avec très nombreux petits hébergements,Niveau proche de la moyenne UE,Bonne accessibilité mais performances variables selon les régions,À documenter par une enquête comparable,L'Italie associe patrimoine mondial littoral et forte demande étrangère.
DE,Urbain affaires culturel et domestique,Grande capacité répartie dans tout le territoire,Au-dessus de la moyenne UE,Excellente accessibilité terrestre,À documenter par une enquête comparable,Le volume allemand est fortement soutenu par sa clientèle domestique.
PT,Balnéaire urbain et city-break,Capacité concentrée sur Lisbonne Porto Algarve et îles,Inférieur à la moyenne UE,Bonne desserte aérienne internationale,À documenter par une enquête comparable,Le Portugal bénéficie d'un bon rapport prix-expérience et d'une forte demande étrangère.
EL,Balnéaire insulaire et culturel,Offre très saisonnière dominée par les îles,Inférieur à la moyenne UE,Accès aérien saisonnier et ferries,À documenter par une enquête comparable,La Grèce affiche une forte intensité touristique et une dépendance internationale élevée.
HR,Balnéaire adriatique,Capacité importante en locations et campings,Inférieur à la moyenne UE,Accès routier régional et aérien saisonnier,À documenter par une enquête comparable,La Croatie présente une très forte intensité mais aussi une saisonnalité marquée.
AT,Montagne culture et bien-être,Offre hôtelière dense dans les zones alpines,Au-dessus de la moyenne UE,Bonne accessibilité terrestre européenne,À documenter par une enquête comparable,L'Autriche réussit à combiner saisons hivernale et estivale.
NL,Urbain culturel littoral et domestique,Capacité contrainte dans les zones les plus demandées,Au-dessus de la moyenne UE,Très forte accessibilité internationale,À documenter par une enquête comparable,Les Pays-Bas attirent beaucoup d'étrangers mais subissent des contraintes de capacité et de prix.
BE,Urbain culturel affaires et littoral,Offre concentrée autour des grandes villes,Au-dessus de la moyenne UE,Excellente accessibilité terrestre,À documenter par une enquête comparable,La Belgique profite des courts séjours urbains et d'affaires.
IE,Urbain itinérant et nature,Capacité limitée et tensions sur l'hébergement,Au-dessus de la moyenne UE,Très dépendante de l'accès aérien,À documenter par une enquête comparable,L'Irlande bénéficie d'une demande étrangère élevée mais les prix limitent sa compétitivité.
DK,Urbain littoral et familial,Offre de locations et campings importante,Au-dessus de la moyenne UE,Bonne accessibilité régionale,À documenter par une enquête comparable,Le Danemark combine tourisme régional et clientèle domestique avec un niveau de prix élevé.
SE,Nature urbain et itinérant,Offre dispersée sur un grand territoire,Au-dessus de la moyenne UE,Bonne desserte des grandes villes mais distances importantes,À documenter par une enquête comparable,La Suède dispose d'un potentiel nature mais d'une intensité touristique modérée.
CZ,Urbain culturel et patrimonial,Offre concentrée à Prague et dans les villes thermales,Inférieur à la moyenne UE,Très bonne accessibilité terrestre en Europe centrale,À documenter par une enquête comparable,La Tchéquie combine prix compétitifs et forte attractivité urbaine.
PL,Urbain culturel littoral et domestique,Capacité en développement et marché intérieur important,Inférieur à la moyenne UE,Bonne accessibilité terrestre et aérienne croissante,À documenter par une enquête comparable,La Pologne progresse grâce au marché domestique et à un niveau de prix compétitif.
