geo,nuitees_total,region,pays
ES70,99488821,Canarias,Espagne
ES51,88670191,Cataluña,Espagne
FR10,83679429,Ile de France,France
ES61,77308673,Andalucía,Espagne
ES53,73845222,Illes Balears,Espagne
FRL0,56578519,Provence-Alpes-Côte d’Azur,France
FRK2,54378610,Rhône-Alpes,France
ES52,53662343,Comunitat Valenciana,Espagne
FRJ1,38442593,Languedoc-Roussillon,France
FRI1,37188181,Aquitaine,France
ES30,32320997,Comunidad de Madrid,Espagne
FRH0,25514197,Bretagne,France
FRG0,25141249,Pays de la Loire,France
FRJ2,17821586,Midi-Pyrénées,France
FRI3,17220299,Poitou-Charentes,France
ES11,13305882,Galicia,Espagne
ES41,13063897,Castilla y León,Espagne
FRF1,11050960,Alsace,France
FRD1,10960341,Basse-Normandie,France
FRM0,10884056,Corse,France
ES21,10253106,País Vasco,Espagne
FRB0,10232755,Centre — Val de Loire,France
FRE1,9124827,Nord-Pas de Calais,France
ES24,8664390,Aragón,Espagne
FRF3,7359630,Lorraine,France
FRK1,7193477,Auvergne,France
FRC1,7137397,Bourgogne,France
ES12,6689670,Principado de Asturias,Espagne
FRE2,6422859,Picardie,France
ES13,6117130,Cantabria,Espagne
ES42,5956715,Castilla-La Mancha,Espagne
ES62,5710567,Región de Murcia,Espagne
FRD2,5414925,Haute-Normandie,France
FRF2,4359919,Champagne-Ardenne,France
FRC2,4337701,Franche-Comté,France
ES22,4082631,Comunidad Foral de Navarra,Espagne
ES43,4081510,Extremadura,Espagne
FRI2,2562668,Limousin,France
ES23,1675862,La Rioja,Espagne
FRY4,1548870,La Réunion,France
FRY1,1280655,Guadeloupe,France
FRY2,1209985,Martinique,France
FRY3,415009,Guyane,France
FRY5,166875,Mayotte,France
ES63,134584,Ciudad de Ceuta,Espagne
ES64,133821,Ciudad de Melilla,Espagne
