geo,mois,nuitees,pays,numero_mois,total_annuel,part_annuelle_pct
BE,2024-01,1988328,Belgique,1,44843098,4.433966627372623
BE,2024-02,2454360,Belgique,2,44843098,5.473216859370421
BE,2024-03,3168258,Belgique,3,44843098,7.065207671423593
BE,2024-04,3614015,Belgique,4,44843098,8.0592447024958
BE,2024-05,4360208,Belgique,5,44843098,9.723253286380883
BE,2024-06,3853906,Belgique,6,44843098,8.594201051854178
BE,2024-07,6113839,Belgique,7,44843098,13.633846171823365
BE,2024-08,5984777,Belgique,8,44843098,13.346038224210112
BE,2024-09,3770543,Belgique,9,44843098,8.408301763629266
BE,2024-10,3737197,Belgique,10,44843098,8.333940264341237
BE,2024-11,2855253,Belgique,11,44843098,6.367207279033219
BE,2024-12,2942414,Belgique,12,44843098,6.561576098065303
CZ,2024-01,3001943,Tchéquie,1,57236084,5.244843445264355
CZ,2024-02,3655530,Tchéquie,2,57236084,6.38675769642102
CZ,2024-03,3828717,Tchéquie,3,57236084,6.689341290365008
CZ,2024-04,3683181,Tchéquie,4,57236084,6.435068129398929
CZ,2024-05,5093866,Tchéquie,5,57236084,8.899745831668008
CZ,2024-06,5273178,Tchéquie,6,57236084,9.213030716776501
CZ,2024-07,8145945,Tchéquie,7,57236084,14.232184368168863
CZ,2024-08,8102419,Tchéquie,8,57236084,14.156137935642137
CZ,2024-09,4752094,Tchéquie,9,57236084,8.302619026137428
CZ,2024-10,4542055,Tchéquie,10,57236084,7.9356494759494725
CZ,2024-11,3480243,Tchéquie,11,57236084,6.080505088363488
CZ,2024-12,3676913,Tchéquie,12,57236084,6.4241169958447895
DK,2024-01,1415554,Danemark,1,39872271,3.5502216565492346
DK,2024-02,1652488,Danemark,2,39872271,4.1444541746819485
DK,2024-03,2272788,Danemark,3,39872271,5.7001719315160155
DK,2024-04,2813991,Danemark,4,39872271,7.057513729278174
DK,2024-05,3953644,Danemark,5,39872271,9.915773295180502
DK,2024-06,4216274,Danemark,6,39872271,10.574451603220695
DK,2024-07,7160548,Danemark,7,39872271,17.95871622160674
DK,2024-08,5930950,Danemark,8,39872271,14.874873818950519
DK,2024-09,3502692,Danemark,9,39872271,8.784781784814815
DK,2024-10,2945943,Danemark,10,39872271,7.388450484799323
DK,2024-11,2131869,Danemark,11,39872271,5.346745862556963
DK,2024-12,1875530,Danemark,12,39872271,4.70384543684507
DE,2024-01,20761214,Allemagne,1,439619668,4.722539847784972
DE,2024-02,23655592,Allemagne,2,439619668,5.380922129261969
DE,2024-03,30643861,Allemagne,3,439619668,6.970539134295511
DE,2024-04,32176697,Allemagne,4,439619668,7.319212342428683
DE,2024-05,43985146,Allemagne,5,439619668,10.005272557550814
DE,2024-06,43786269,Allemagne,6,439619668,9.960034135688398
DE,2024-07,52416003,Allemagne,7,439619668,11.923034116844835
DE,2024-08,54201536,Allemagne,8,439619668,12.329188147241856
DE,2024-09,43260771,Allemagne,9,439619668,9.840499447354116
DE,2024-10,40388642,Allemagne,10,439619668,9.187178131438833
DE,2024-11,27380452,Allemagne,11,439619668,6.22821361122542
DE,2024-12,26963485,Allemagne,12,439619668,6.133366398884593
IE,2024-01,1677529,Irlande,1,42086959,3.985864124799323
IE,2024-02,1958624,Irlande,2,42086959,4.653755097867727
IE,2024-03,2701190,Irlande,3,42086959,6.418116357610917
IE,2024-04,2781306,Irlande,4,42086959,6.608474610864615
IE,2024-05,3677175,Irlande,5,42086959,8.737088845026793
IE,2024-06,5004189,Irlande,6,42086959,11.890117791594303
IE,2024-07,5134411,Irlande,7,42086959,12.199529550234313
IE,2024-08,6841969,Irlande,8,42086959,16.256743567526463
IE,2024-09,3781949,Irlande,9,42086959,8.98603531797106
IE,2024-10,3487783,Irlande,10,42086959,8.28708721863226
IE,2024-11,2300605,Irlande,11,42086959,5.466313211177837
IE,2024-12,2740229,Irlande,12,42086959,6.510874306694385
EL,2024-01,1590600,Grèce,1,152944662,1.0399839910725357
EL,2024-02,1669445,Grèce,2,152944662,1.0915353162178356
EL,2024-03,2666674,Grèce,3,152944662,1.7435548028475816
EL,2024-04,6647713,Grèce,4,152944662,4.346482520586433
EL,2024-05,15061894,Grèce,5,152944662,9.847937027053614
EL,2024-06,23239692,Grèce,6,152944662,15.194836940435358
EL,2024-07,30500850,Grèce,7,152944662,19.942408974037942
EL,2024-08,33001001,Grèce,8,152944662,21.577085835136895
EL,2024-09,23097441,Grèce,9,152944662,15.101828790860317
EL,2024-10,10949434,Grèce,10,152944662,7.1590821522100585
EL,2024-11,2286095,Grèce,11,152944662,1.494720358399955
EL,2024-12,2233823,Grèce,12,152944662,1.4605432911414717
ES,2024-01,22812617,Espagne,1,505085423,4.51658590036165
ES,2024-02,25168963,Espagne,2,505085423,4.983110154022402
ES,2024-03,33696858,Espagne,3,505085423,6.671516631752011
ES,2024-04,36094089,Espagne,4,505085423,7.1461355557671675
ES,2024-05,47236039,Espagne,5,505085423,9.352089141562892
ES,2024-06,52253673,Espagne,6,505085423,10.34551199075092
ES,2024-07,65504997,Espagne,7,505085423,12.9690927548309
ES,2024-08,73791179,Espagne,8,505085423,14.609643367197314
ES,2024-09,52868884,Espagne,9,505085423,10.467315347566466
ES,2024-10,43871373,Espagne,10,505085423,8.68593133007523
ES,2024-11,26806814,Espagne,11,505085423,5.307382232648595
ES,2024-12,24979937,Espagne,12,505085423,4.945685593464455
FR,2024-01,20279417,France,1,457644264,4.431262138576701
FR,2024-02,22063192,France,2,457644264,4.821035405788457
FR,2024-03,25990793,France,3,457644264,5.679256803708131
FR,2024-04,31529766,France,4,457644264,6.889579632096077
FR,2024-05,41397348,France,5,457644264,9.045748249561804
FR,2024-06,42690959,France,6,457644264,9.328415618468235
FR,2024-07,74383540,France,7,457644264,16.253572010245932
FR,2024-08,90165531,France,8,457644264,19.702100101051414
FR,2024-09,40474056,France,9,457644264,8.84399940823906
FR,2024-10,27876388,France,10,457644264,6.09127879290977
FR,2024-11,19067811,France,11,457644264,4.166513709434366
FR,2024-12,21725463,France,12,457644264,4.7472381299200554
HR,2024-01,594306,Croatie,1,93643696,0.6346460310579796
HR,2024-02,702884,Croatie,2,93643696,0.7505940389196086
HR,2024-03,1321372,Croatie,3,93643696,1.4110634847219188
HR,2024-04,2774105,Croatie,4,93643696,2.9624044313671685
HR,2024-05,6902834,Croatie,5,93643696,7.371381411515411
HR,2024-06,12520177,Croatie,6,93643696,13.37001585242855
HR,2024-07,25159829,Croatie,7,93643696,26.86761637430458
HR,2024-08,27171764,Croatie,8,93643696,29.016116578739055
HR,2024-09,11177605,Croatie,9,93643696,11.936313363795465
HR,2024-10,3450236,Croatie,10,93643696,3.6844295423794464
HR,2024-11,988398,Croatie,11,93643696,1.05548802772586
HR,2024-12,880186,Croatie,12,93643696,0.9399308630449614
IT,2024-01,19283941,Italie,1,466158045,4.136781764648082
IT,2024-02,20581607,Italie,2,466158045,4.41515645192823
IT,2024-03,24157263,Italie,3,466158045,5.182204460292002
IT,2024-04,28025516,Italie,4,466158045,6.0120202366130995
IT,2024-05,40002340,Italie,5,466158045,8.581282770739268
IT,2024-06,53795179,Italie,6,466158045,11.540115970754082
IT,2024-07,76710786,Italie,7,466158045,16.455960982074224
IT,2024-08,84188928,Italie,8,466158045,18.060168413483026
IT,2024-09,50585783,Italie,9,466158045,10.8516378817403
IT,2024-10,31416979,Italie,10,466158045,6.739555251052248
IT,2024-11,17700164,Italie,11,466158045,3.7970306830165295
IT,2024-12,19709559,Italie,12,466158045,4.228085133658907
NL,2024-01,7050844,Pays-Bas,1,145369236,4.8502999630540815
NL,2024-02,7117404,Pays-Bas,2,145369236,4.896086817158481
NL,2024-03,8795143,Pays-Bas,3,145369236,6.050209275365525
NL,2024-04,11283014,Pays-Bas,4,145369236,7.761624337077757
NL,2024-05,15912934,Pays-Bas,5,145369236,10.946562311161902
NL,2024-06,14145976,Pays-Bas,6,145369236,9.73106579441609
NL,2024-07,18488489,Pays-Bas,7,145369236,12.718295499606258
NL,2024-08,21403241,Pays-Bas,8,145369236,14.723363476987663
NL,2024-09,13684014,Pays-Bas,9,145369236,9.413280537568486
NL,2024-10,12013258,Pays-Bas,10,145369236,8.263961709202352
NL,2024-11,7862623,Pays-Bas,11,145369236,5.408725543553108
NL,2024-12,7612296,Pays-Bas,12,145369236,5.236524734848301
AT,2024-01,12706968,Autriche,1,131201233,9.685098005138412
AT,2024-02,14667983,Autriche,2,131201233,11.179760025578418
AT,2024-03,11686261,Autriche,3,131201233,8.907127420060146
AT,2024-04,5898803,Autriche,4,131201233,4.495996619178114
AT,2024-05,8369744,Autriche,5,131201233,6.379318096804776
AT,2024-06,10331001,Autriche,6,131201233,7.874164566730863
AT,2024-07,15764666,Autriche,7,131201233,12.015638603030506
AT,2024-08,17714380,Autriche,8,131201233,13.50168713734573
AT,2024-09,10008645,Autriche,9,131201233,7.628468705015905
AT,2024-10,8135552,Autriche,10,131201233,6.200819774308066
AT,2024-11,5139618,Autriche,11,131201233,3.9173549535163286
AT,2024-12,10777612,Autriche,12,131201233,8.214566093292737
PL,2024-01,5633012,Pologne,1,97648143,5.768683179156822
PL,2024-02,6006428,Pologne,2,97648143,6.151092909160597
PL,2024-03,5800871,Pologne,3,97648143,5.940585065708827
PL,2024-04,6105093,Pologne,4,97648143,6.252134257176811
PL,2024-05,8259848,Pologne,5,97648143,8.45878656391858
PL,2024-06,9535462,Pologne,6,97648143,9.76512374638809
PL,2024-07,13156768,Pologne,7,97648143,13.473648956130175
PL,2024-08,13701968,Pologne,8,97648143,14.031980106370277
PL,2024-09,8810149,Pologne,9,97648143,9.022341571820776
PL,2024-10,7816825,Pologne,10,97648143,8.00509334826777
PL,2024-11,6543374,Pologne,11,97648143,6.700971261685949
PL,2024-12,6278345,Pologne,12,97648143,6.429559034215326
PT,2024-01,3725357,Portugal,1,88073583,4.229823373939493
PT,2024-02,4581101,Portugal,2,88073583,5.201447294360671
PT,2024-03,6100656,Portugal,3,88073583,6.926771674544001
PT,2024-04,6980064,Portugal,4,88073583,7.925264037458315
PT,2024-05,8257287,Portugal,5,88073583,9.375441214875975
PT,2024-06,8508117,Portugal,6,88073583,9.660237167823636
PT,2024-07,10341444,Portugal,7,88073583,11.741822743830008
PT,2024-08,12628773,Portugal,8,88073583,14.338888654047377
PT,2024-09,9224413,Portugal,9,88073583,10.473529843789823
PT,2024-10,7976674,Portugal,10,88073583,9.056829219721877
PT,2024-11,5312271,Portugal,11,88073583,6.031628121680936
PT,2024-12,4437426,Portugal,12,88073583,5.038316653927887
SE,2024-01,3165894,Suède,1,63827602,4.960070409663832
SE,2024-02,3573537,Suède,2,63827602,5.598732974489626
SE,2024-03,3961542,Suède,3,63827602,6.206628285988247
SE,2024-04,3726029,Suède,4,63827602,5.837645287065618
SE,2024-05,5417455,Suède,5,63827602,8.4876367437398
SE,2024-06,6875461,Suède,6,63827602,10.77192434708733
SE,2024-07,12713882,Suède,7,63827602,19.919097070261234
SE,2024-08,8642523,Suède,8,63827602,13.540416260664156
SE,2024-09,4618000,Suède,9,63827602,7.235114363218596
SE,2024-10,4256328,Suède,10,63827602,6.668475497481482
SE,2024-11,3616124,Suède,11,63827602,5.6654548920700485
SE,2024-12,3260827,Suède,12,63827602,5.108803868270032
