geo,hotels,locations_courte_duree,campings,pays,total,part_hotels_pct,part_locations_courte_duree_pct,part_campings_pct
AT,92004899,30692359,8503975,Autriche,131201233,70.12502618782554,23.393346463443677,6.481627348730785
BE,20928319,20527777,3387002,Belgique,44843098,46.670100714272685,45.77689302376031,7.5530062619670035
CZ,44049184,9441132,3745768,Tchéquie,57236084,76.96051323147825,16.49506978849217,6.544416980029591
DE,299948569,96809192,42861907,Allemagne,439619668,68.22910593708924,22.02112395025966,9.749770112651102
DK,19983774,7653194,12179670,Danemark,39816638,50.189506205923266,19.221095462655587,30.58939833142115
EL,116878400,33874898,2191364,Grèce,152944662,76.4187507243633,22.14846700566771,1.4327822699689905
ES,363065079,93009148,49091785,Espagne,505166012,71.87044860017225,18.411600501737635,9.71795089809011
FR,214462474,95332339,147849448,France,457644261,46.86226667223519,20.831101168337387,32.30663215942743
HR,25560432,46636584,21446680,Croatie,93643696,27.295411321654797,49.80216073487745,22.90242794346776
IE,26633814,12138258,2905879,Irlande,41677951,63.90384690456592,29.12393174031036,6.97222135512372
IT,283910717,127610831,54636497,Italie,466158045,60.90439069865243,27.375014197169975,11.720595104177598
NL,64292036,54887528,26189767,Pays-Bas,145369331,44.226684925722054,37.75729558802193,18.01601948625601
PL,60299865,36011379,1336899,Pologne,97648143,61.75218815989158,36.878713607487654,1.369098232620768
PT,65410309,15462381,7200893,Portugal,88073583,74.26779605412442,17.556207517979598,8.17599642789598
SE,41905476,5472808,16737801,Suède,64116085,65.35875669888453,8.53578006205463,26.10546323906084
